hour,temp_c,humidity_pct,uv_index,comfort_class
0,24.0,92,0,Optimal
1,23.8,93,0,Optimal
2,23.5,94,0,Optimal
3,23.2,95,0,Optimal
4,23.0,94,0,Optimal
5,23.5,90,0,Optimal
6,24.2,88,1,Optimal
7,25.8,82,2,Optimal
8,27.5,76,4,Optimal
9,29.8,70,6,Moderate
10,31.6,63,8,Avoid
11,33.4,56,9,Avoid
12,34.5,52,10,Avoid
13,34.2,50,10,Avoid
14,33.8,53,9,Avoid
15,32.2,59,7,Avoid
16,30.5,67,5,Moderate
17,28.4,75,2,Optimal
18,27.0,80,0,Optimal
19,26.2,84,0,Optimal
20,25.8,86,0,Optimal
21,25.2,88,0,Optimal
22,24.8,90,0,Optimal
23,24.4,91,0,Optimal
